held_out_golfer,n_kept,ari
1,576,1.0
2,518,1.0
3,536,1.0
4,544,0.8291350688626156
5,437,1.0
6,504,1.0
7,608,1.0
8,568,0.8209261525628667
