cluster,entropy_over_golfers
0,0.8658566174572235
1,2.535947876498215
2,1.4197367178034825
3,0.5032583347756457
